Letter,Frequency
Z,0.0007
Q,0.001
J,0.0015
X,0.0015
K,0.0077
V,0.0098
B,0.015
P,0.0193
Y,0.0197
G,0.0202
F,0.0223
W,0.0236
M,0.0241
U,0.0276
C,0.0278
L,0.0403
D,0.0425
R,0.0599
H,0.0609
S,0.0633
N,0.0675
I,0.0697
O,0.0751
A,0.0817
T,0.0906
E,0.127